country_code,bw,s1g_chan,s1g_op_class,global_op_class,centre_freq_mhz,duty_cycle_ap,duty_cycle_sta,country,tx_power_max,duty_cycle_omit_ctrl_resp,pkt_spacing_ms,airtime_min_ms,airtime_max_ms,map_5g_chan
AL,1,1,6,66,863.5,10.0,2.8,Albania,16.13,False,0.0,0.0,0.0,132
AL,1,3,6,66,864.5,10.0,2.8,Albania,16.13,False,0.0,0.0,0.0,136
AL,1,5,6,66,865.5,10.0,2.8,Albania,16.13,False,0.0,0.0,0.0,36
AL,1,7,6,66,866.5,10.0,2.8,Albania,16.13,False,0.0,0.0,0.0,40
AL,1,9,6,66,867.5,10.0,2.8,Albania,16.13,False,0.0,0.0,0.0,44
AL,2,2,7,67,864.0,10.0,2.8,Albania,16.13,False,0.0,0.0,0.0,134
AL,2,6,7,67,866.0,10.0,2.8,Albania,16.13,False,0.0,0.0,0.0,38
AR,1,27,1,68,915.5,100.0,100.0,Argentina,36.0,False,0.0,0.0,0.0,112
AR,1,29,1,68,916.5,100.0,100.0,Argentina,36.0,False,0.0,0.0,0.0,116
AR,1,31,1,68,917.5,100.0,100.0,Argentina,36.0,False,0.0,0.0,0.0,120
AR,1,33,1,68,918.5,100.0,100.0,Argentina,36.0,False,0.0,0.0,0.0,124
AR,1,35,1,68,919.5,100.0,100.0,Argentina,36.0,False,0.0,0.0,0.0,128
AR,1,37,1,68,920.5,100.0,100.0,Argentina,36.0,False,0.0,0.0,0.0,149
AR,1,39,1,68,921.5,100.0,100.0,Argentina,36.0,False,0.0,0.0,0.0,153
AR,1,41,1,68,922.5,100.0,100.0,Argentina,36.0,False,0.0,0.0,0.0,157
AR,1,43,1,68,923.5,100.0,100.0,Argentina,36.0,False,0.0,0.0,0.0,161
AR,1,45,1,68,924.5,100.0,100.0,Argentina,36.0,False,0.0,0.0,0.0,165
AR,1,47,1,68,925.5,100.0,100.0,Argentina,36.0,False,0.0,0.0,0.0,169
AR,1,49,1,68,926.5,100.0,100.0,Argentina,36.0,False,0.0,0.0,0.0,173
AR,1,51,1,68,927.5,100.0,100.0,Argentina,36.0,False,0.0,0.0,0.0,177
AR,2,30,2,69,917.0,100.0,100.0,Argentina,36.0,False,0.0,0.0,0.0,118
AR,2,34,2,69,919.0,100.0,100.0,Argentina,36.0,False,0.0,0.0,0.0,126
AR,2,38,2,69,921.0,100.0,100.0,Argentina,36.0,False,0.0,0.0,0.0,151
AR,2,42,2,69,923.0,100.0,100.0,Argentina,36.0,False,0.0,0.0,0.0,159
AR,2,46,2,69,925.0,100.0,100.0,Argentina,36.0,False,0.0,0.0,0.0,167
AR,2,50,2,69,927.0,100.0,100.0,Argentina,36.0,False,0.0,0.0,0.0,175
AR,4,32,3,70,918.0,100.0,100.0,Argentina,36.0,False,0.0,0.0,0.0,122
AR,4,40,3,70,922.0,100.0,100.0,Argentina,36.0,False,0.0,0.0,0.0,155
AR,4,48,3,70,926.0,100.0,100.0,Argentina,36.0,False,0.0,0.0,0.0,171
AR,8,44,4,71,924.0,100.0,100.0,Argentina,36.0,False,0.0,0.0,0.0,163
AT,1,1,6,66,863.5,10.0,2.8,Austria,16.13,False,0.0,0.0,0.0,132
AT,1,3,6,66,864.5,10.0,2.8,Austria,16.13,False,0.0,0.0,0.0,136
AT,1,5,6,66,865.5,10.0,2.8,Austria,16.13,False,0.0,0.0,0.0,36
AT,1,7,6,66,866.5,10.0,2.8,Austria,16.13,False,0.0,0.0,0.0,40
AT,1,9,6,66,867.5,10.0,2.8,Austria,16.13,False,0.0,0.0,0.0,44
AT,2,2,7,67,864.0,10.0,2.8,Austria,16.13,False,0.0,0.0,0.0,134
AT,2,6,7,67,866.0,10.0,2.8,Austria,16.13,False,0.0,0.0,0.0,38
AT,1,31,30,77,916.9,10.0,2.8,Austria,16.13,False,0.0,0.0,0.0,120
AT,1,33,30,77,917.9,10.0,2.8,Austria,16.13,False,0.0,0.0,0.0,124
AT,1,35,30,77,918.9,10.0,2.8,Austria,16.13,False,0.0,0.0,0.0,128
AU,1,27,22,68,915.5,100.0,100.0,Australia 2020,30.0,False,0.0,0.0,0.0,112
AU,1,29,22,68,916.5,100.0,100.0,Australia 2020,30.0,False,0.0,0.0,0.0,116
AU,1,31,22,68,917.5,100.0,100.0,Australia 2020,30.0,False,0.0,0.0,0.0,120
AU,1,33,22,68,918.5,100.0,100.0,Australia 2020,30.0,False,0.0,0.0,0.0,124
AU,1,35,22,68,919.5,100.0,100.0,Australia 2020,30.0,False,0.0,0.0,0.0,128
AU,1,37,22,68,920.5,100.0,100.0,Australia 2020,30.0,False,0.0,0.0,0.0,149
AU,1,39,22,68,921.5,100.0,100.0,Australia 2020,30.0,False,0.0,0.0,0.0,153
AU,1,41,22,68,922.5,100.0,100.0,Australia 2020,30.0,False,0.0,0.0,0.0,157
AU,1,43,22,68,923.5,100.0,100.0,Australia 2020,30.0,False,0.0,0.0,0.0,161
AU,1,45,22,68,924.5,100.0,100.0,Australia 2020,30.0,False,0.0,0.0,0.0,165
AU,1,47,22,68,925.5,100.0,100.0,Australia 2020,30.0,False,0.0,0.0,0.0,169
AU,1,49,22,68,926.5,100.0,100.0,Australia 2020,30.0,False,0.0,0.0,0.0,173
AU,1,51,22,68,927.5,100.0,100.0,Australia 2020,30.0,False,0.0,0.0,0.0,177
AU,2,30,23,69,917.0,100.0,100.0,Australia 2020,30.0,False,0.0,0.0,0.0,118
AU,2,34,23,69,919.0,100.0,100.0,Australia 2020,30.0,False,0.0,0.0,0.0,126
AU,2,38,23,69,921.0,100.0,100.0,Australia 2020,30.0,False,0.0,0.0,0.0,151
AU,2,42,23,69,923.0,100.0,100.0,Australia 2020,30.0,False,0.0,0.0,0.0,159
AU,2,46,23,69,925.0,100.0,100.0,Australia 2020,30.0,False,0.0,0.0,0.0,167
AU,2,50,23,69,927.0,100.0,100.0,Australia 2020,30.0,False,0.0,0.0,0.0,175
AU,4,32,24,70,918.0,100.0,100.0,Australia 2020,30.0,False,0.0,0.0,0.0,122
AU,4,40,24,70,922.0,100.0,100.0,Australia 2020,30.0,False,0.0,0.0,0.0,155
AU,4,48,24,70,926.0,100.0,100.0,Australia 2020,30.0,False,0.0,0.0,0.0,171
AU,8,44,25,71,924.0,100.0,100.0,Australia 2020,30.0,False,0.0,0.0,0.0,163
AU,1,28,22,50,916.0,100.0,100.0,Australia,30.0,False,0.0,0.0,0.0,36
AU,1,30,22,50,917.0,100.0,100.0,Australia,30.0,False,0.0,0.0,0.0,40
AU,1,32,22,50,918.0,100.0,100.0,Australia,30.0,False,0.0,0.0,0.0,44
AU,1,34,22,50,919.0,100.0,100.0,Australia,30.0,False,0.0,0.0,0.0,48
AU,1,36,22,50,920.0,100.0,100.0,Australia,30.0,False,0.0,0.0,0.0,52
AU,1,38,22,50,921.0,100.0,100.0,Australia,30.0,False,0.0,0.0,0.0,56
AU,1,40,22,50,922.0,100.0,100.0,Australia,30.0,False,0.0,0.0,0.0,60
AU,1,42,22,50,923.0,100.0,100.0,Australia,30.0,False,0.0,0.0,0.0,64
AU,1,44,22,50,924.0,100.0,100.0,Australia,30.0,False,0.0,0.0,0.0,116
AU,1,46,22,50,925.0,100.0,100.0,Australia,30.0,False,0.0,0.0,0.0,120
AU,1,48,22,50,926.0,100.0,100.0,Australia,30.0,False,0.0,0.0,0.0,124
AU,1,50,22,50,927.0,100.0,100.0,Australia,30.0,False,0.0,0.0,0.0,128
AU,2,29,23,51,916.5,100.0,100.0,Australia,30.0,False,0.0,0.0,0.0,38
AU,2,33,23,51,918.5,100.0,100.0,Australia,30.0,False,0.0,0.0,0.0,46
AU,2,37,23,51,920.5,100.0,100.0,Australia,30.0,False,0.0,0.0,0.0,54
AU,2,41,23,51,922.5,100.0,100.0,Australia,30.0,False,0.0,0.0,0.0,62
AU,2,45,23,51,924.5,100.0,100.0,Australia,30.0,False,0.0,0.0,0.0,118
AU,2,49,23,51,926.5,100.0,100.0,Australia,30.0,False,0.0,0.0,0.0,126
AU,4,31,24,52,917.5,100.0,100.0,Australia,30.0,False,0.0,0.0,0.0,42
AU,4,39,24,52,921.5,100.0,100.0,Australia,30.0,False,0.0,0.0,0.0,58
AU,4,47,24,52,925.5,100.0,100.0,Australia,30.0,False,0.0,0.0,0.0,122
AU,8,35,25,53,919.5,100.0,100.0,Australia,30.0,False,0.0,0.0,0.0,50
AU,8,43,25,53,923.5,100.0,100.0,Australia,30.0,False,0.0,0.0,0.0,114
AU,4,51,39,48,919.5,100.0,100.0,Australia Proposed,30.0,False,0.0,0.0,0.0,155
AU,4,59,39,48,923.5,100.0,100.0,Australia Proposed,30.0,False,0.0,0.0,0.0,171
AU,8,55,40,49,921.5,100.0,100.0,Australia Proposed,30.0,False,0.0,0.0,0.0,163
BA,1,1,6,66,863.5,10.0,2.8,Bosnia and Herzegovina,16.13,False,0.0,0.0,0.0,132
BA,1,3,6,66,864.5,10.0,2.8,Bosnia and Herzegovina,16.13,False,0.0,0.0,0.0,136
BA,1,5,6,66,865.5,10.0,2.8,Bosnia and Herzegovina,16.13,False,0.0,0.0,0.0,36
BA,1,7,6,66,866.5,10.0,2.8,Bosnia and Herzegovina,16.13,False,0.0,0.0,0.0,40
BA,1,9,6,66,867.5,10.0,2.8,Bosnia and Herzegovina,16.13,False,0.0,0.0,0.0,44
BA,2,2,7,67,864.0,10.0,2.8,Bosnia and Herzegovina,16.13,False,0.0,0.0,0.0,134
BA,2,6,7,67,866.0,10.0,2.8,Bosnia and Herzegovina,16.13,False,0.0,0.0,0.0,38
BE,1,1,6,66,863.5,10.0,2.8,Belgium,16.13,False,0.0,0.0,0.0,132
BE,1,3,6,66,864.5,10.0,2.8,Belgium,16.13,False,0.0,0.0,0.0,136
BE,1,5,6,66,865.5,10.0,2.8,Belgium,16.13,False,0.0,0.0,0.0,36
BE,1,7,6,66,866.5,10.0,2.8,Belgium,16.13,False,0.0,0.0,0.0,40
BE,1,9,6,66,867.5,10.0,2.8,Belgium,16.13,False,0.0,0.0,0.0,44
BE,2,2,7,67,864.0,10.0,2.8,Belgium,16.13,False,0.0,0.0,0.0,134
BE,2,6,7,67,866.0,10.0,2.8,Belgium,16.13,False,0.0,0.0,0.0,38
BE,1,31,30,77,916.9,10.0,2.8,Belgium,16.13,False,0.0,0.0,0.0,120
BE,1,33,30,77,917.9,10.0,2.8,Belgium,16.13,False,0.0,0.0,0.0,124
BE,1,35,30,77,918.9,10.0,2.8,Belgium,16.13,False,0.0,0.0,0.0,128
BG,1,1,6,66,863.5,10.0,2.8,Bulgaria,16.13,False,0.0,0.0,0.0,132
BG,1,3,6,66,864.5,10.0,2.8,Bulgaria,16.13,False,0.0,0.0,0.0,136
BG,1,5,6,66,865.5,10.0,2.8,Bulgaria,16.13,False,0.0,0.0,0.0,36
BG,1,7,6,66,866.5,10.0,2.8,Bulgaria,16.13,False,0.0,0.0,0.0,40
BG,1,9,6,66,867.5,10.0,2.8,Bulgaria,16.13,False,0.0,0.0,0.0,44
BG,2,2,7,67,864.0,10.0,2.8,Bulgaria,16.13,False,0.0,0.0,0.0,134
BG,2,6,7,67,866.0,10.0,2.8,Bulgaria,16.13,False,0.0,0.0,0.0,38
BG,1,33,30,77,917.9,10.0,2.8,Bulgaria,16.13,False,0.0,0.0,0.0,124
BG,1,35,30,77,918.9,10.0,2.8,Bulgaria,16.13,False,0.0,0.0,0.0,128
BR,1,1,1,68,902.5,100.0,100.0,Brazil,36.0,False,0.0,0.0,0.0,132
BR,1,3,1,68,903.5,100.0,100.0,Brazil,36.0,False,0.0,0.0,0.0,136
BR,1,5,1,68,904.5,100.0,100.0,Brazil,36.0,False,0.0,0.0,0.0,36
BR,1,7,1,68,905.5,100.0,100.0,Brazil,36.0,False,0.0,0.0,0.0,40
BR,1,9,1,68,906.5,100.0,100.0,Brazil,36.0,False,0.0,0.0,0.0,44
BR,2,2,2,69,903.0,100.0,100.0,Brazil,36.0,False,0.0,0.0,0.0,134
BR,2,6,2,69,905.0,100.0,100.0,Brazil,36.0,False,0.0,0.0,0.0,38
BR,1,27,1,68,915.5,100.0,100.0,Brazil,36.0,False,0.0,0.0,0.0,112
BR,1,29,1,68,916.5,100.0,100.0,Brazil,36.0,False,0.0,0.0,0.0,116
BR,1,31,1,68,917.5,100.0,100.0,Brazil,36.0,False,0.0,0.0,0.0,120
BR,1,33,1,68,918.5,100.0,100.0,Brazil,36.0,False,0.0,0.0,0.0,124
BR,1,35,1,68,919.5,100.0,100.0,Brazil,36.0,False,0.0,0.0,0.0,128
BR,1,37,1,68,920.5,100.0,100.0,Brazil,36.0,False,0.0,0.0,0.0,149
BR,1,39,1,68,921.5,100.0,100.0,Brazil,36.0,False,0.0,0.0,0.0,153
BR,1,41,1,68,922.5,100.0,100.0,Brazil,36.0,False,0.0,0.0,0.0,157
BR,1,43,1,68,923.5,100.0,100.0,Brazil,36.0,False,0.0,0.0,0.0,161
BR,1,45,1,68,924.5,100.0,100.0,Brazil,36.0,False,0.0,0.0,0.0,165
BR,1,47,1,68,925.5,100.0,100.0,Brazil,36.0,False,0.0,0.0,0.0,169
BR,1,49,1,68,926.5,100.0,100.0,Brazil,36.0,False,0.0,0.0,0.0,173
BR,1,51,1,68,927.5,100.0,100.0,Brazil,36.0,False,0.0,0.0,0.0,177
BR,2,30,2,69,917.0,100.0,100.0,Brazil,36.0,False,0.0,0.0,0.0,118
BR,2,34,2,69,919.0,100.0,100.0,Brazil,36.0,False,0.0,0.0,0.0,126
BR,2,38,2,69,921.0,100.0,100.0,Brazil,36.0,False,0.0,0.0,0.0,151
BR,2,42,2,69,923.0,100.0,100.0,Brazil,36.0,False,0.0,0.0,0.0,159
BR,2,46,2,69,925.0,100.0,100.0,Brazil,36.0,False,0.0,0.0,0.0,167
BR,2,50,2,69,927.0,100.0,100.0,Brazil,36.0,False,0.0,0.0,0.0,175
BR,4,32,3,70,918.0,100.0,100.0,Brazil,36.0,False,0.0,0.0,0.0,122
BR,4,40,3,70,922.0,100.0,100.0,Brazil,36.0,False,0.0,0.0,0.0,155
BR,4,48,3,70,926.0,100.0,100.0,Brazil,36.0,False,0.0,0.0,0.0,171
BR,8,44,4,71,924.0,100.0,100.0,Brazil,36.0,False,0.0,0.0,0.0,163
CA,1,1,1,68,902.5,100.0,100.0,Canada,36.0,False,0.0,0.0,0.0,132
CA,1,3,1,68,903.5,100.0,100.0,Canada,36.0,False,0.0,0.0,0.0,136
CA,1,5,1,68,904.5,100.0,100.0,Canada,36.0,False,0.0,0.0,0.0,36
CA,1,7,1,68,905.5,100.0,100.0,Canada,36.0,False,0.0,0.0,0.0,40
CA,1,9,1,68,906.5,100.0,100.0,Canada,36.0,False,0.0,0.0,0.0,44
CA,1,11,1,68,907.5,100.0,100.0,Canada,36.0,False,0.0,0.0,0.0,48
CA,1,13,1,68,908.5,100.0,100.0,Canada,36.0,False,0.0,0.0,0.0,52
CA,1,15,1,68,909.5,100.0,100.0,Canada,36.0,False,0.0,0.0,0.0,56
CA,1,17,1,68,910.5,100.0,100.0,Canada,36.0,False,0.0,0.0,0.0,60
CA,1,19,1,68,911.5,100.0,100.0,Canada,36.0,False,0.0,0.0,0.0,64
CA,1,21,1,68,912.5,100.0,100.0,Canada,36.0,False,0.0,0.0,0.0,100
CA,1,23,1,68,913.5,100.0,100.0,Canada,36.0,False,0.0,0.0,0.0,104
CA,1,25,1,68,914.5,100.0,100.0,Canada,36.0,False,0.0,0.0,0.0,108
CA,1,27,1,68,915.5,100.0,100.0,Canada,36.0,False,0.0,0.0,0.0,112
CA,1,29,1,68,916.5,100.0,100.0,Canada,36.0,False,0.0,0.0,0.0,116
CA,1,31,1,68,917.5,100.0,100.0,Canada,36.0,False,0.0,0.0,0.0,120
CA,1,33,1,68,918.5,100.0,100.0,Canada,36.0,False,0.0,0.0,0.0,124
CA,1,35,1,68,919.5,100.0,100.0,Canada,36.0,False,0.0,0.0,0.0,128
CA,1,37,1,68,920.5,100.0,100.0,Canada,36.0,False,0.0,0.0,0.0,149
CA,1,39,1,68,921.5,100.0,100.0,Canada,36.0,False,0.0,0.0,0.0,153
CA,1,41,1,68,922.5,100.0,100.0,Canada,36.0,False,0.0,0.0,0.0,157
CA,1,43,1,68,923.5,100.0,100.0,Canada,36.0,False,0.0,0.0,0.0,161
CA,1,45,1,68,924.5,100.0,100.0,Canada,36.0,False,0.0,0.0,0.0,165
CA,1,47,1,68,925.5,100.0,100.0,Canada,36.0,False,0.0,0.0,0.0,169
CA,1,49,1,68,926.5,100.0,100.0,Canada,36.0,False,0.0,0.0,0.0,173
CA,1,51,1,68,927.5,100.0,100.0,Canada,36.0,False,0.0,0.0,0.0,177
CA,2,2,2,69,903.0,100.0,100.0,Canada,36.0,False,0.0,0.0,0.0,134
CA,2,6,2,69,905.0,100.0,100.0,Canada,36.0,False,0.0,0.0,0.0,38
CA,2,10,2,69,907.0,100.0,100.0,Canada,36.0,False,0.0,0.0,0.0,46
CA,2,14,2,69,909.0,100.0,100.0,Canada,36.0,False,0.0,0.0,0.0,54
CA,2,18,2,69,911.0,100.0,100.0,Canada,36.0,False,0.0,0.0,0.0,62
CA,2,22,2,69,913.0,100.0,100.0,Canada,36.0,False,0.0,0.0,0.0,102
CA,2,26,2,69,915.0,100.0,100.0,Canada,36.0,False,0.0,0.0,0.0,110
CA,2,30,2,69,917.0,100.0,100.0,Canada,36.0,False,0.0,0.0,0.0,118
CA,2,34,2,69,919.0,100.0,100.0,Canada,36.0,False,0.0,0.0,0.0,126
CA,2,38,2,69,921.0,100.0,100.0,Canada,36.0,False,0.0,0.0,0.0,151
CA,2,42,2,69,923.0,100.0,100.0,Canada,36.0,False,0.0,0.0,0.0,159
CA,2,46,2,69,925.0,100.0,100.0,Canada,36.0,False,0.0,0.0,0.0,167
CA,2,50,2,69,927.0,100.0,100.0,Canada,36.0,False,0.0,0.0,0.0,175
CA,4,8,3,70,906.0,100.0,100.0,Canada,36.0,False,0.0,0.0,0.0,42
CA,4,16,3,70,910.0,100.0,100.0,Canada,36.0,False,0.0,0.0,0.0,58
CA,4,24,3,70,914.0,100.0,100.0,Canada,36.0,False,0.0,0.0,0.0,106
CA,4,32,3,70,918.0,100.0,100.0,Canada,36.0,False,0.0,0.0,0.0,122
CA,4,40,3,70,922.0,100.0,100.0,Canada,36.0,False,0.0,0.0,0.0,155
CA,4,48,3,70,926.0,100.0,100.0,Canada,36.0,False,0.0,0.0,0.0,171
CA,8,12,4,71,908.0,100.0,100.0,Canada,36.0,False,0.0,0.0,0.0,50
CA,8,28,4,71,916.0,100.0,100.0,Canada,36.0,False,0.0,0.0,0.0,114
CA,8,44,4,71,924.0,100.0,100.0,Canada,36.0,False,0.0,0.0,0.0,163
CH,1,1,6,66,863.5,10.0,2.8,Switzerland,16.13,False,0.0,0.0,0.0,132
CH,1,3,6,66,864.5,10.0,2.8,Switzerland,16.13,False,0.0,0.0,0.0,136
CH,1,5,6,66,865.5,10.0,2.8,Switzerland,16.13,False,0.0,0.0,0.0,36
CH,1,7,6,66,866.5,10.0,2.8,Switzerland,16.13,False,0.0,0.0,0.0,40
CH,1,9,6,66,867.5,10.0,2.8,Switzerland,16.13,False,0.0,0.0,0.0,44
CH,2,2,7,67,864.0,10.0,2.8,Switzerland,16.13,False,0.0,0.0,0.0,134
CH,2,6,7,67,866.0,10.0,2.8,Switzerland,16.13,False,0.0,0.0,0.0,38
CO,1,27,1,68,915.5,100.0,100.0,Colombia,36.0,False,0.0,0.0,0.0,112
CO,1,29,1,68,916.5,100.0,100.0,Colombia,36.0,False,0.0,0.0,0.0,116
CO,1,31,1,68,917.5,100.0,100.0,Colombia,36.0,False,0.0,0.0,0.0,120
CO,1,33,1,68,918.5,100.0,100.0,Colombia,36.0,False,0.0,0.0,0.0,124
CO,1,35,1,68,919.5,100.0,100.0,Colombia,36.0,False,0.0,0.0,0.0,128
CO,1,37,1,68,920.5,100.0,100.0,Colombia,36.0,False,0.0,0.0,0.0,149
CO,1,39,1,68,921.5,100.0,100.0,Colombia,36.0,False,0.0,0.0,0.0,153
CO,1,41,1,68,922.5,100.0,100.0,Colombia,36.0,False,0.0,0.0,0.0,157
CO,1,43,1,68,923.5,100.0,100.0,Colombia,36.0,False,0.0,0.0,0.0,161
CO,1,45,1,68,924.5,100.0,100.0,Colombia,36.0,False,0.0,0.0,0.0,165
CO,1,47,1,68,925.5,100.0,100.0,Colombia,36.0,False,0.0,0.0,0.0,169
CO,1,49,1,68,926.5,100.0,100.0,Colombia,36.0,False,0.0,0.0,0.0,173
CO,1,51,1,68,927.5,100.0,100.0,Colombia,36.0,False,0.0,0.0,0.0,177
CO,2,30,2,69,917.0,100.0,100.0,Colombia,36.0,False,0.0,0.0,0.0,118
CO,2,34,2,69,919.0,100.0,100.0,Colombia,36.0,False,0.0,0.0,0.0,126
CO,2,38,2,69,921.0,100.0,100.0,Colombia,36.0,False,0.0,0.0,0.0,151
CO,2,42,2,69,923.0,100.0,100.0,Colombia,36.0,False,0.0,0.0,0.0,159
CO,2,46,2,69,925.0,100.0,100.0,Colombia,36.0,False,0.0,0.0,0.0,167
CO,2,50,2,69,927.0,100.0,100.0,Colombia,36.0,False,0.0,0.0,0.0,175
CO,4,32,3,70,918.0,100.0,100.0,Colombia,36.0,False,0.0,0.0,0.0,122
CO,4,40,3,70,922.0,100.0,100.0,Colombia,36.0,False,0.0,0.0,0.0,155
CO,4,48,3,70,926.0,100.0,100.0,Colombia,36.0,False,0.0,0.0,0.0,171
CO,8,44,4,71,924.0,100.0,100.0,Colombia,36.0,False,0.0,0.0,0.0,163
CY,1,1,6,66,863.5,10.0,2.8,Cyprus,16.13,False,0.0,0.0,0.0,132
CY,1,3,6,66,864.5,10.0,2.8,Cyprus,16.13,False,0.0,0.0,0.0,136
CY,1,5,6,66,865.5,10.0,2.8,Cyprus,16.13,False,0.0,0.0,0.0,36
CY,1,7,6,66,866.5,10.0,2.8,Cyprus,16.13,False,0.0,0.0,0.0,40
CY,1,9,6,66,867.5,10.0,2.8,Cyprus,16.13,False,0.0,0.0,0.0,44
CY,2,2,7,67,864.0,10.0,2.8,Cyprus,16.13,False,0.0,0.0,0.0,134
CY,2,6,7,67,866.0,10.0,2.8,Cyprus,16.13,False,0.0,0.0,0.0,38
CZ,1,1,6,66,863.5,10.0,2.8,Czech Republic,16.13,False,0.0,0.0,0.0,132
CZ,1,3,6,66,864.5,10.0,2.8,Czech Republic,16.13,False,0.0,0.0,0.0,136
CZ,1,5,6,66,865.5,10.0,2.8,Czech Republic,16.13,False,0.0,0.0,0.0,36
CZ,1,7,6,66,866.5,10.0,2.8,Czech Republic,16.13,False,0.0,0.0,0.0,40
CZ,1,9,6,66,867.5,10.0,2.8,Czech Republic,16.13,False,0.0,0.0,0.0,44
CZ,2,2,7,67,864.0,10.0,2.8,Czech Republic,16.13,False,0.0,0.0,0.0,134
CZ,2,6,7,67,866.0,10.0,2.8,Czech Republic,16.13,False,0.0,0.0,0.0,38
DE,1,1,6,66,863.5,10.0,2.8,Germany,16.13,False,0.0,0.0,0.0,132
DE,1,3,6,66,864.5,10.0,2.8,Germany,16.13,False,0.0,0.0,0.0,136
DE,1,5,6,66,865.5,10.0,2.8,Germany,16.13,False,0.0,0.0,0.0,36
DE,1,7,6,66,866.5,10.0,2.8,Germany,16.13,False,0.0,0.0,0.0,40
DE,1,9,6,66,867.5,10.0,2.8,Germany,16.13,False,0.0,0.0,0.0,44
DE,2,2,7,67,864.0,10.0,2.8,Germany,16.13,False,0.0,0.0,0.0,134
DE,2,6,7,67,866.0,10.0,2.8,Germany,16.13,False,0.0,0.0,0.0,38
DK,1,1,6,66,863.5,10.0,2.8,Denmark,16.13,False,0.0,0.0,0.0,132
DK,1,3,6,66,864.5,10.0,2.8,Denmark,16.13,False,0.0,0.0,0.0,136
DK,1,5,6,66,865.5,10.0,2.8,Denmark,16.13,False,0.0,0.0,0.0,36
DK,1,7,6,66,866.5,10.0,2.8,Denmark,16.13,False,0.0,0.0,0.0,40
DK,1,9,6,66,867.5,10.0,2.8,Denmark,16.13,False,0.0,0.0,0.0,44
DK,2,2,7,67,864.0,10.0,2.8,Denmark,16.13,False,0.0,0.0,0.0,134
DK,2,6,7,67,866.0,10.0,2.8,Denmark,16.13,False,0.0,0.0,0.0,38
EE,1,1,6,66,863.5,10.0,2.8,Estonia,16.13,False,0.0,0.0,0.0,132
EE,1,3,6,66,864.5,10.0,2.8,Estonia,16.13,False,0.0,0.0,0.0,136
EE,1,5,6,66,865.5,10.0,2.8,Estonia,16.13,False,0.0,0.0,0.0,36
EE,1,7,6,66,866.5,10.0,2.8,Estonia,16.13,False,0.0,0.0,0.0,40
EE,1,9,6,66,867.5,10.0,2.8,Estonia,16.13,False,0.0,0.0,0.0,44
EE,2,2,7,67,864.0,10.0,2.8,Estonia,16.13,False,0.0,0.0,0.0,134
EE,2,6,7,67,866.0,10.0,2.8,Estonia,16.13,False,0.0,0.0,0.0,38
ES,1,1,6,66,863.5,10.0,2.8,Spain,16.13,False,0.0,0.0,0.0,132
ES,1,3,6,66,864.5,10.0,2.8,Spain,16.13,False,0.0,0.0,0.0,136
ES,1,5,6,66,865.5,10.0,2.8,Spain,16.13,False,0.0,0.0,0.0,36
ES,1,7,6,66,866.5,10.0,2.8,Spain,16.13,False,0.0,0.0,0.0,40
ES,1,9,6,66,867.5,10.0,2.8,Spain,16.13,False,0.0,0.0,0.0,44
ES,2,2,7,67,864.0,10.0,2.8,Spain,16.13,False,0.0,0.0,0.0,134
ES,2,6,7,67,866.0,10.0,2.8,Spain,16.13,False,0.0,0.0,0.0,38
EU,1,1,6,66,863.5,10.0,2.8,User assigned EU,16.13,False,0.0,0.0,0.0,132
EU,1,3,6,66,864.5,10.0,2.8,User assigned EU,16.13,False,0.0,0.0,0.0,136
EU,1,5,6,66,865.5,10.0,2.8,User assigned EU,16.13,False,0.0,0.0,0.0,36
EU,1,7,6,66,866.5,10.0,2.8,User assigned EU,16.13,False,0.0,0.0,0.0,40
EU,1,9,6,66,867.5,10.0,2.8,User assigned EU,16.13,False,0.0,0.0,0.0,44
EU,2,2,7,67,864.0,10.0,2.8,User assigned EU,16.13,False,0.0,0.0,0.0,134
EU,2,6,7,67,866.0,10.0,2.8,User assigned EU,16.13,False,0.0,0.0,0.0,38
FI,1,1,6,66,863.5,10.0,2.8,Finland,16.13,False,0.0,0.0,0.0,132
FI,1,3,6,66,864.5,10.0,2.8,Finland,16.13,False,0.0,0.0,0.0,136
FI,1,5,6,66,865.5,10.0,2.8,Finland,16.13,False,0.0,0.0,0.0,36
FI,1,7,6,66,866.5,10.0,2.8,Finland,16.13,False,0.0,0.0,0.0,40
FI,1,9,6,66,867.5,10.0,2.8,Finland,16.13,False,0.0,0.0,0.0,44
FI,2,2,7,67,864.0,10.0,2.8,Finland,16.13,False,0.0,0.0,0.0,134
FI,2,6,7,67,866.0,10.0,2.8,Finland,16.13,False,0.0,0.0,0.0,38
FI,1,33,30,77,917.9,10.0,2.8,Finland,16.13,False,0.0,0.0,0.0,124
FI,1,35,30,77,918.9,10.0,2.8,Finland,16.13,False,0.0,0.0,0.0,128
FL,1,1,6,66,863.5,10.0,2.8,Liechtenstein,16.13,False,0.0,0.0,0.0,132
FL,1,3,6,66,864.5,10.0,2.8,Liechtenstein,16.13,False,0.0,0.0,0.0,136
FL,1,5,6,66,865.5,10.0,2.8,Liechtenstein,16.13,False,0.0,0.0,0.0,36
FL,1,7,6,66,866.5,10.0,2.8,Liechtenstein,16.13,False,0.0,0.0,0.0,40
FL,1,9,6,66,867.5,10.0,2.8,Liechtenstein,16.13,False,0.0,0.0,0.0,44
FL,2,2,7,67,864.0,10.0,2.8,Liechtenstein,16.13,False,0.0,0.0,0.0,134
FL,2,6,7,67,866.0,10.0,2.8,Liechtenstein,16.13,False,0.0,0.0,0.0,38
FR,1,1,6,66,863.5,10.0,2.8,France,16.13,False,0.0,0.0,0.0,132
FR,1,3,6,66,864.5,10.0,2.8,France,16.13,False,0.0,0.0,0.0,136
FR,1,5,6,66,865.5,10.0,2.8,France,16.13,False,0.0,0.0,0.0,36
FR,1,7,6,66,866.5,10.0,2.8,France,16.13,False,0.0,0.0,0.0,40
FR,1,9,6,66,867.5,10.0,2.8,France,16.13,False,0.0,0.0,0.0,44
FR,2,2,7,67,864.0,10.0,2.8,France,16.13,False,0.0,0.0,0.0,134
FR,2,6,7,67,866.0,10.0,2.8,France,16.13,False,0.0,0.0,0.0,38
FR,1,33,30,77,917.9,10.0,2.8,France,16.13,False,0.0,0.0,0.0,124
FR,1,35,30,77,918.9,10.0,2.8,France,16.13,False,0.0,0.0,0.0,128
GB,1,1,6,66,863.5,10.0,2.8,United Kingdom,16.13,False,0.0,0.0,0.0,132
GB,1,3,6,66,864.5,10.0,2.8,United Kingdom,16.13,False,0.0,0.0,0.0,136
GB,1,5,6,66,865.5,10.0,2.8,United Kingdom,16.13,False,0.0,0.0,0.0,36
GB,1,7,6,66,866.5,10.0,2.8,United Kingdom,16.13,False,0.0,0.0,0.0,40
GB,1,9,6,66,867.5,10.0,2.8,United Kingdom,16.13,False,0.0,0.0,0.0,44
GB,2,2,7,67,864.0,10.0,2.8,United Kingdom,16.13,False,0.0,0.0,0.0,134
GB,2,6,7,67,866.0,10.0,2.8,United Kingdom,16.13,False,0.0,0.0,0.0,38
GB,1,33,30,77,917.9,10.0,2.8,United Kingdom,16.13,False,0.0,0.0,0.0,124
GB,1,35,30,77,918.9,10.0,2.8,United Kingdom,16.13,False,0.0,0.0,0.0,128
GR,1,1,6,66,863.5,10.0,2.8,Greece,16.13,False,0.0,0.0,0.0,132
GR,1,3,6,66,864.5,10.0,2.8,Greece,16.13,False,0.0,0.0,0.0,136
GR,1,5,6,66,865.5,10.0,2.8,Greece,16.13,False,0.0,0.0,0.0,36
GR,1,7,6,66,866.5,10.0,2.8,Greece,16.13,False,0.0,0.0,0.0,40
GR,1,9,6,66,867.5,10.0,2.8,Greece,16.13,False,0.0,0.0,0.0,44
GR,2,2,7,67,864.0,10.0,2.8,Greece,16.13,False,0.0,0.0,0.0,134
GR,2,6,7,67,866.0,10.0,2.8,Greece,16.13,False,0.0,0.0,0.0,38
HR,1,1,6,66,863.5,10.0,2.8,Croatia,16.13,False,0.0,0.0,0.0,132
HR,1,3,6,66,864.5,10.0,2.8,Croatia,16.13,False,0.0,0.0,0.0,136
HR,1,5,6,66,865.5,10.0,2.8,Croatia,16.13,False,0.0,0.0,0.0,36
HR,1,7,6,66,866.5,10.0,2.8,Croatia,16.13,False,0.0,0.0,0.0,40
HR,1,9,6,66,867.5,10.0,2.8,Croatia,16.13,False,0.0,0.0,0.0,44
HR,2,2,7,67,864.0,10.0,2.8,Croatia,16.13,False,0.0,0.0,0.0,134
HR,2,6,7,67,866.0,10.0,2.8,Croatia,16.13,False,0.0,0.0,0.0,38
HU,1,1,6,66,863.5,10.0,2.8,Hungary,16.13,False,0.0,0.0,0.0,132
HU,1,3,6,66,864.5,10.0,2.8,Hungary,16.13,False,0.0,0.0,0.0,136
HU,1,5,6,66,865.5,10.0,2.8,Hungary,16.13,False,0.0,0.0,0.0,36
HU,1,7,6,66,866.5,10.0,2.8,Hungary,16.13,False,0.0,0.0,0.0,40
HU,1,9,6,66,867.5,10.0,2.8,Hungary,16.13,False,0.0,0.0,0.0,44
HU,2,2,7,67,864.0,10.0,2.8,Hungary,16.13,False,0.0,0.0,0.0,134
HU,2,6,7,67,866.0,10.0,2.8,Hungary,16.13,False,0.0,0.0,0.0,38
IE,1,1,6,66,863.5,10.0,2.8,Ireland,16.13,False,0.0,0.0,0.0,132
IE,1,3,6,66,864.5,10.0,2.8,Ireland,16.13,False,0.0,0.0,0.0,136
IE,1,5,6,66,865.5,10.0,2.8,Ireland,16.13,False,0.0,0.0,0.0,36
IE,1,7,6,66,866.5,10.0,2.8,Ireland,16.13,False,0.0,0.0,0.0,40
IE,1,9,6,66,867.5,10.0,2.8,Ireland,16.13,False,0.0,0.0,0.0,44
IE,2,2,7,67,864.0,10.0,2.8,Ireland,16.13,False,0.0,0.0,0.0,134
IE,2,6,7,67,866.0,10.0,2.8,Ireland,16.13,False,0.0,0.0,0.0,38
IE,1,31,30,77,916.9,10.0,2.8,Ireland,16.13,False,0.0,0.0,0.0,120
IE,1,33,30,77,917.9,10.0,2.8,Ireland,16.13,False,0.0,0.0,0.0,124
IE,1,35,30,77,918.9,10.0,2.8,Ireland,16.13,False,0.0,0.0,0.0,128
IN,1,5,6,66,865.5,10.0,2.8,India,16.13,False,0.0,0.0,0.0,36
IN,1,7,6,66,866.5,10.0,2.8,India,16.13,False,0.0,0.0,0.0,40
IN,1,9,6,66,867.5,10.0,2.8,India,16.13,False,0.0,0.0,0.0,44
IS,1,1,6,66,863.5,10.0,2.8,Iceland,16.13,False,0.0,0.0,0.0,132
IS,1,3,6,66,864.5,10.0,2.8,Iceland,16.13,False,0.0,0.0,0.0,136
IS,1,5,6,66,865.5,10.0,2.8,Iceland,16.13,False,0.0,0.0,0.0,36
IS,1,7,6,66,866.5,10.0,2.8,Iceland,16.13,False,0.0,0.0,0.0,40
IS,1,9,6,66,867.5,10.0,2.8,Iceland,16.13,False,0.0,0.0,0.0,44
IS,2,2,7,67,864.0,10.0,2.8,Iceland,16.13,False,0.0,0.0,0.0,134
IS,2,6,7,67,866.0,10.0,2.8,Iceland,16.13,False,0.0,0.0,0.0,38
IS,1,31,30,77,916.9,10.0,2.8,Iceland,16.13,False,0.0,0.0,0.0,120
IS,1,33,30,77,917.9,10.0,2.8,Iceland,16.13,False,0.0,0.0,0.0,124
IS,1,35,30,77,918.9,10.0,2.8,Iceland,16.13,False,0.0,0.0,0.0,128
IT,1,1,6,66,863.5,10.0,2.8,Italy,16.13,False,0.0,0.0,0.0,132
IT,1,3,6,66,864.5,10.0,2.8,Italy,16.13,False,0.0,0.0,0.0,136
IT,1,5,6,66,865.5,10.0,2.8,Italy,16.13,False,0.0,0.0,0.0,36
IT,1,7,6,66,866.5,10.0,2.8,Italy,16.13,False,0.0,0.0,0.0,40
IT,1,9,6,66,867.5,10.0,2.8,Italy,16.13,False,0.0,0.0,0.0,44
IT,2,2,7,67,864.0,10.0,2.8,Italy,16.13,False,0.0,0.0,0.0,134
IT,2,6,7,67,866.0,10.0,2.8,Italy,16.13,False,0.0,0.0,0.0,38
IT,1,33,30,77,917.9,10.0,2.8,Italy,16.13,False,0.0,0.0,0.0,124
IT,1,35,30,77,918.9,10.0,2.8,Italy,16.13,False,0.0,0.0,0.0,128
JP,1,9,8,73,921.0,10.0,10.0,Japan,16.0,True,2.0,2.0,100.0,108
JP,1,13,8,73,923.0,10.0,10.0,Japan,16.0,True,2.0,2.0,100.0,36
JP,1,15,8,73,924.0,10.0,10.0,Japan,16.0,True,2.0,2.0,100.0,40
JP,1,17,8,73,925.0,10.0,10.0,Japan,16.0,True,2.0,2.0,100.0,44
JP,1,19,8,73,926.0,10.0,10.0,Japan,16.0,True,2.0,2.0,100.0,48
JP,1,21,8,73,927.0,10.0,10.0,Japan,16.0,True,2.0,2.0,100.0,64
JP,2,2,9,64,923.5,10.0,10.0,Japan,16.0,True,2.0,2.0,100.0,38
JP,2,4,10,64,924.5,10.0,10.0,Japan,16.0,True,2.0,2.0,100.0,54
JP,2,6,9,64,925.5,10.0,10.0,Japan,16.0,True,2.0,2.0,100.0,46
JP,2,8,10,64,926.5,10.0,10.0,Japan,16.0,True,2.0,2.0,100.0,62
JP,4,36,11,65,924.5,10.0,10.0,Japan,16.0,True,2.0,2.0,100.0,42
JP,4,38,12,65,925.5,10.0,10.0,Japan,16.0,True,2.0,2.0,100.0,58
KE,1,1,6,66,863.5,10.0,2.8,Kenya,16.13,False,0.0,0.0,0.0,132
KE,1,3,6,66,864.5,10.0,2.8,Kenya,16.13,False,0.0,0.0,0.0,136
KE,1,5,6,66,865.5,10.0,2.8,Kenya,16.13,False,0.0,0.0,0.0,36
KE,1,7,6,66,866.5,10.0,2.8,Kenya,16.13,False,0.0,0.0,0.0,40
KE,1,9,6,66,867.5,10.0,2.8,Kenya,16.13,False,0.0,0.0,0.0,44
KR,1,1,14,74,918.0,100.0,100.0,South Korea,4.77,False,50.0,0.0,4000.0,132
KR,1,3,14,74,919.0,100.0,100.0,South Korea,4.77,False,50.0,0.0,4000.0,136
KR,1,5,14,74,920.0,100.0,100.0,South Korea,4.77,False,50.0,0.0,4000.0,36
KR,1,7,14,74,921.0,100.0,100.0,South Korea,4.77,False,50.0,0.0,4000.0,40
KR,1,9,14,74,922.0,100.0,100.0,South Korea,10.0,False,50.0,0.0,4000.0,44
KR,1,11,14,74,923.0,100.0,100.0,South Korea,10.0,False,50.0,0.0,4000.0,48
KR,2,2,15,75,918.5,100.0,100.0,South Korea,4.77,False,50.0,0.0,4000.0,134
KR,2,6,15,75,920.5,100.0,100.0,South Korea,4.77,False,50.0,0.0,4000.0,38
KR,2,10,15,75,922.5,100.0,100.0,South Korea,10.0,False,50.0,0.0,4000.0,46
KR,4,8,16,76,921.5,100.0,100.0,South Korea,4.77,False,50.0,0.0,4000.0,42
KR,1,18,14,74,926.5,100.0,100.0,South Korea,17.0,False,0.264,0.0,220.0,165
KR,1,20,14,74,927.5,100.0,100.0,South Korea,17.0,False,0.264,0.0,220.0,169
KR,1,22,14,74,928.5,100.0,100.0,South Korea,17.0,False,0.264,0.0,220.0,173
KR,1,24,14,74,929.5,100.0,100.0,South Korea,17.0,False,0.264,0.0,220.0,177
KR,2,19,15,75,927.0,100.0,100.0,South Korea,20.0,False,0.264,0.0,220.0,167
KR,2,23,15,75,929.0,100.0,100.0,South Korea,20.0,False,0.264,0.0,220.0,175
LT,1,1,6,66,863.5,10.0,2.8,Lithuania,16.13,False,0.0,0.0,0.0,132
LT,1,3,6,66,864.5,10.0,2.8,Lithuania,16.13,False,0.0,0.0,0.0,136
LT,1,5,6,66,865.5,10.0,2.8,Lithuania,16.13,False,0.0,0.0,0.0,36
LT,1,7,6,66,866.5,10.0,2.8,Lithuania,16.13,False,0.0,0.0,0.0,40
LT,1,9,6,66,867.5,10.0,2.8,Lithuania,16.13,False,0.0,0.0,0.0,44
LT,2,2,7,67,864.0,10.0,2.8,Lithuania,16.13,False,0.0,0.0,0.0,134
LT,2,6,7,67,866.0,10.0,2.8,Lithuania,16.13,False,0.0,0.0,0.0,38
LT,1,31,30,77,916.9,10.0,2.8,Lithuania,16.13,False,0.0,0.0,0.0,120
LT,1,33,30,77,917.9,10.0,2.8,Lithuania,16.13,False,0.0,0.0,0.0,124
LT,1,35,30,77,918.9,10.0,2.8,Lithuania,16.13,False,0.0,0.0,0.0,128
LU,1,1,6,66,863.5,10.0,2.8,Luxembourg,16.13,False,0.0,0.0,0.0,132
LU,1,3,6,66,864.5,10.0,2.8,Luxembourg,16.13,False,0.0,0.0,0.0,136
LU,1,5,6,66,865.5,10.0,2.8,Luxembourg,16.13,False,0.0,0.0,0.0,36
LU,1,7,6,66,866.5,10.0,2.8,Luxembourg,16.13,False,0.0,0.0,0.0,40
LU,1,9,6,66,867.5,10.0,2.8,Luxembourg,16.13,False,0.0,0.0,0.0,44
LU,2,2,7,67,864.0,10.0,2.8,Luxembourg,16.13,False,0.0,0.0,0.0,134
LU,2,6,7,67,866.0,10.0,2.8,Luxembourg,16.13,False,0.0,0.0,0.0,38
LV,1,1,6,66,863.5,10.0,2.8,Latvia,16.13,False,0.0,0.0,0.0,132
LV,1,3,6,66,864.5,10.0,2.8,Latvia,16.13,False,0.0,0.0,0.0,136
LV,1,5,6,66,865.5,10.0,2.8,Latvia,16.13,False,0.0,0.0,0.0,36
LV,1,7,6,66,866.5,10.0,2.8,Latvia,16.13,False,0.0,0.0,0.0,40
LV,1,9,6,66,867.5,10.0,2.8,Latvia,16.13,False,0.0,0.0,0.0,44
LV,2,2,7,67,864.0,10.0,2.8,Latvia,16.13,False,0.0,0.0,0.0,134
LV,2,6,7,67,866.0,10.0,2.8,Latvia,16.13,False,0.0,0.0,0.0,38
MD,1,1,6,66,863.5,10.0,2.8,Moldova,16.13,False,0.0,0.0,0.0,132
MD,1,3,6,66,864.5,10.0,2.8,Moldova,16.13,False,0.0,0.0,0.0,136
MD,1,5,6,66,865.5,10.0,2.8,Moldova,16.13,False,0.0,0.0,0.0,36
MD,1,7,6,66,866.5,10.0,2.8,Moldova,16.13,False,0.0,0.0,0.0,40
MD,1,9,6,66,867.5,10.0,2.8,Moldova,16.13,False,0.0,0.0,0.0,44
MD,2,2,7,67,864.0,10.0,2.8,Moldova,16.13,False,0.0,0.0,0.0,134
MD,2,6,7,67,866.0,10.0,2.8,Moldova,16.13,False,0.0,0.0,0.0,38
MD,1,31,30,77,916.9,10.0,2.8,Moldova,16.13,False,0.0,0.0,0.0,120
MD,1,33,30,77,917.9,10.0,2.8,Moldova,16.13,False,0.0,0.0,0.0,124
MD,1,35,30,77,918.9,10.0,2.8,Moldova,16.13,False,0.0,0.0,0.0,128
MK,1,1,6,66,863.5,10.0,2.8,North Macedonia,16.13,False,0.0,0.0,0.0,132
MK,1,3,6,66,864.5,10.0,2.8,North Macedonia,16.13,False,0.0,0.0,0.0,136
MK,1,5,6,66,865.5,10.0,2.8,North Macedonia,16.13,False,0.0,0.0,0.0,36
MK,1,7,6,66,866.5,10.0,2.8,North Macedonia,16.13,False,0.0,0.0,0.0,40
MK,1,9,6,66,867.5,10.0,2.8,North Macedonia,16.13,False,0.0,0.0,0.0,44
MK,2,2,7,67,864.0,10.0,2.8,North Macedonia,16.13,False,0.0,0.0,0.0,134
MK,2,6,7,67,866.0,10.0,2.8,North Macedonia,16.13,False,0.0,0.0,0.0,38
MK,1,31,30,77,916.9,10.0,2.8,North Macedonia,16.13,False,0.0,0.0,0.0,120
MK,1,33,30,77,917.9,10.0,2.8,North Macedonia,16.13,False,0.0,0.0,0.0,124
MK,1,35,30,77,918.9,10.0,2.8,North Macedonia,16.13,False,0.0,0.0,0.0,128
MT,1,1,6,66,863.5,10.0,2.8,Malta,16.13,False,0.0,0.0,0.0,132
MT,1,3,6,66,864.5,10.0,2.8,Malta,16.13,False,0.0,0.0,0.0,136
MT,1,5,6,66,865.5,10.0,2.8,Malta,16.13,False,0.0,0.0,0.0,36
MT,1,7,6,66,866.5,10.0,2.8,Malta,16.13,False,0.0,0.0,0.0,40
MT,1,9,6,66,867.5,10.0,2.8,Malta,16.13,False,0.0,0.0,0.0,44
MT,2,2,7,67,864.0,10.0,2.8,Malta,16.13,False,0.0,0.0,0.0,134
MT,2,6,7,67,866.0,10.0,2.8,Malta,16.13,False,0.0,0.0,0.0,38
NL,1,1,6,66,863.5,10.0,2.8,Netherlands,16.13,False,0.0,0.0,0.0,132
NL,1,3,6,66,864.5,10.0,2.8,Netherlands,16.13,False,0.0,0.0,0.0,136
NL,1,5,6,66,865.5,10.0,2.8,Netherlands,16.13,False,0.0,0.0,0.0,36
NL,1,7,6,66,866.5,10.0,2.8,Netherlands,16.13,False,0.0,0.0,0.0,40
NL,1,9,6,66,867.5,10.0,2.8,Netherlands,16.13,False,0.0,0.0,0.0,44
NL,2,2,7,67,864.0,10.0,2.8,Netherlands,16.13,False,0.0,0.0,0.0,134
NL,2,6,7,67,866.0,10.0,2.8,Netherlands,16.13,False,0.0,0.0,0.0,38
NO,1,1,6,66,863.5,10.0,2.8,Norway,16.13,False,0.0,0.0,0.0,132
NO,1,3,6,66,864.5,10.0,2.8,Norway,16.13,False,0.0,0.0,0.0,136
NO,1,5,6,66,865.5,10.0,2.8,Norway,16.13,False,0.0,0.0,0.0,36
NO,1,7,6,66,866.5,10.0,2.8,Norway,16.13,False,0.0,0.0,0.0,40
NO,1,9,6,66,867.5,10.0,2.8,Norway,16.13,False,0.0,0.0,0.0,44
NO,2,2,7,67,864.0,10.0,2.8,Norway,16.13,False,0.0,0.0,0.0,134
NO,2,6,7,67,866.0,10.0,2.8,Norway,16.13,False,0.0,0.0,0.0,38
NZ,1,27,26,68,915.5,100.0,100.0,New Zealand,30.0,False,0.0,0.0,0.0,112
NZ,1,29,26,68,916.5,100.0,100.0,New Zealand,30.0,False,0.0,0.0,0.0,116
NZ,1,31,26,68,917.5,100.0,100.0,New Zealand,30.0,False,0.0,0.0,0.0,120
NZ,1,33,26,68,918.5,100.0,100.0,New Zealand,30.0,False,0.0,0.0,0.0,124
NZ,1,35,26,68,919.5,100.0,100.0,New Zealand,30.0,False,0.0,0.0,0.0,128
NZ,1,37,26,68,920.5,100.0,100.0,New Zealand,36.0,False,0.0,0.0,0.0,149
NZ,1,39,26,68,921.5,100.0,100.0,New Zealand,36.0,False,0.0,0.0,0.0,153
NZ,1,41,26,68,922.5,100.0,100.0,New Zealand,36.0,False,0.0,0.0,0.0,157
NZ,1,43,26,68,923.5,100.0,100.0,New Zealand,36.0,False,0.0,0.0,0.0,161
NZ,1,45,26,68,924.5,100.0,100.0,New Zealand,36.0,False,0.0,0.0,0.0,165
NZ,1,47,26,68,925.5,100.0,100.0,New Zealand,36.0,False,0.0,0.0,0.0,169
NZ,1,49,26,68,926.5,100.0,100.0,New Zealand,36.0,False,0.0,0.0,0.0,173
NZ,1,51,26,68,927.5,100.0,100.0,New Zealand,36.0,False,0.0,0.0,0.0,177
NZ,2,30,27,69,917.0,100.0,100.0,New Zealand,30.0,False,0.0,0.0,0.0,118
NZ,2,34,27,69,919.0,100.0,100.0,New Zealand,30.0,False,0.0,0.0,0.0,126
NZ,2,38,27,69,921.0,100.0,100.0,New Zealand,36.0,False,0.0,0.0,0.0,151
NZ,2,42,27,69,923.0,100.0,100.0,New Zealand,36.0,False,0.0,0.0,0.0,159
NZ,2,46,27,69,925.0,100.0,100.0,New Zealand,36.0,False,0.0,0.0,0.0,167
NZ,2,50,27,69,927.0,100.0,100.0,New Zealand,36.0,False,0.0,0.0,0.0,175
NZ,4,32,28,70,918.0,100.0,100.0,New Zealand,30.0,False,0.0,0.0,0.0,122
NZ,4,40,28,70,922.0,100.0,100.0,New Zealand,36.0,False,0.0,0.0,0.0,155
NZ,4,48,28,70,926.0,100.0,100.0,New Zealand,36.0,False,0.0,0.0,0.0,171
NZ,8,44,29,71,924.0,100.0,100.0,New Zealand,36.0,False,0.0,0.0,0.0,163
PL,1,1,6,66,863.5,10.0,2.8,Poland,16.13,False,0.0,0.0,0.0,132
PL,1,3,6,66,864.5,10.0,2.8,Poland,16.13,False,0.0,0.0,0.0,136
PL,1,5,6,66,865.5,10.0,2.8,Poland,16.13,False,0.0,0.0,0.0,36
PL,1,7,6,66,866.5,10.0,2.8,Poland,16.13,False,0.0,0.0,0.0,40
PL,1,9,6,66,867.5,10.0,2.8,Poland,16.13,False,0.0,0.0,0.0,44
PL,2,2,7,67,864.0,10.0,2.8,Poland,16.13,False,0.0,0.0,0.0,134
PL,2,6,7,67,866.0,10.0,2.8,Poland,16.13,False,0.0,0.0,0.0,38
PT,1,1,6,66,863.5,10.0,2.8,Portugal,16.13,False,0.0,0.0,0.0,132
PT,1,3,6,66,864.5,10.0,2.8,Portugal,16.13,False,0.0,0.0,0.0,136
PT,1,5,6,66,865.5,10.0,2.8,Portugal,16.13,False,0.0,0.0,0.0,36
PT,1,7,6,66,866.5,10.0,2.8,Portugal,16.13,False,0.0,0.0,0.0,40
PT,1,9,6,66,867.5,10.0,2.8,Portugal,16.13,False,0.0,0.0,0.0,44
PT,2,2,7,67,864.0,10.0,2.8,Portugal,16.13,False,0.0,0.0,0.0,134
PT,2,6,7,67,866.0,10.0,2.8,Portugal,16.13,False,0.0,0.0,0.0,38
PT,1,31,30,77,916.9,10.0,2.8,Portugal,16.13,False,0.0,0.0,0.0,120
PT,1,33,30,77,917.9,10.0,2.8,Portugal,16.13,False,0.0,0.0,0.0,124
PT,1,35,30,77,918.9,10.0,2.8,Portugal,16.13,False,0.0,0.0,0.0,128
RO,1,1,6,66,863.5,10.0,2.8,Romania,16.13,False,0.0,0.0,0.0,132
RO,1,3,6,66,864.5,10.0,2.8,Romania,16.13,False,0.0,0.0,0.0,136
RO,1,5,6,66,865.5,10.0,2.8,Romania,16.13,False,0.0,0.0,0.0,36
RO,1,7,6,66,866.5,10.0,2.8,Romania,16.13,False,0.0,0.0,0.0,40
RO,1,9,6,66,867.5,10.0,2.8,Romania,16.13,False,0.0,0.0,0.0,44
RO,2,2,7,67,864.0,10.0,2.8,Romania,16.13,False,0.0,0.0,0.0,134
RO,2,6,7,67,866.0,10.0,2.8,Romania,16.13,False,0.0,0.0,0.0,38
SE,1,1,6,66,863.5,10.0,2.8,Sweden,16.13,False,0.0,0.0,0.0,132
SE,1,3,6,66,864.5,10.0,2.8,Sweden,16.13,False,0.0,0.0,0.0,136
SE,1,5,6,66,865.5,10.0,2.8,Sweden,16.13,False,0.0,0.0,0.0,36
SE,1,7,6,66,866.5,10.0,2.8,Sweden,16.13,False,0.0,0.0,0.0,40
SE,1,9,6,66,867.5,10.0,2.8,Sweden,16.13,False,0.0,0.0,0.0,44
SE,2,2,7,67,864.0,10.0,2.8,Sweden,16.13,False,0.0,0.0,0.0,134
SE,2,6,7,67,866.0,10.0,2.8,Sweden,16.13,False,0.0,0.0,0.0,38
SE,1,31,30,77,916.9,10.0,2.8,Sweden,16.13,False,0.0,0.0,0.0,120
SE,1,33,30,77,917.9,10.0,2.8,Sweden,16.13,False,0.0,0.0,0.0,124
SE,1,35,30,77,918.9,10.0,2.8,Sweden,16.13,False,0.0,0.0,0.0,128
SG,1,7,17,66,866.5,2.77,2.77,Singapore,29.14,False,100.0,0.0,1000.0,40
SG,1,9,17,66,867.5,2.77,2.77,Singapore,29.14,False,100.0,0.0,1000.0,44
SG,1,11,17,66,868.5,2.77,2.77,Singapore,29.14,False,100.0,0.0,1000.0,48
SG,2,10,19,67,868.0,2.77,2.77,Singapore,29.14,False,100.0,0.0,1000.0,46
SG,1,37,18,68,920.5,100.0,100.0,Singapore,22.15,False,0.0,0.0,0.0,149
SG,1,39,18,68,921.5,100.0,100.0,Singapore,22.15,False,0.0,0.0,0.0,153
SG,1,41,18,68,922.5,100.0,100.0,Singapore,22.15,False,0.0,0.0,0.0,157
SG,1,43,18,68,923.5,100.0,100.0,Singapore,22.15,False,0.0,0.0,0.0,161
SG,1,45,18,68,924.5,100.0,100.0,Singapore,22.15,False,0.0,0.0,0.0,165
SG,2,38,20,69,921.0,100.0,100.0,Singapore,22.15,False,0.0,0.0,0.0,151
SG,2,42,20,69,923.0,100.0,100.0,Singapore,22.15,False,0.0,0.0,0.0,159
SG,4,40,21,70,922.0,100.0,100.0,Singapore,22.15,False,0.0,0.0,0.0,155
SI,1,1,6,66,863.5,10.0,2.8,Slovenia,16.13,False,0.0,0.0,0.0,132
SI,1,3,6,66,864.5,10.0,2.8,Slovenia,16.13,False,0.0,0.0,0.0,136
SI,1,5,6,66,865.5,10.0,2.8,Slovenia,16.13,False,0.0,0.0,0.0,36
SI,1,7,6,66,866.5,10.0,2.8,Slovenia,16.13,False,0.0,0.0,0.0,40
SI,1,9,6,66,867.5,10.0,2.8,Slovenia,16.13,False,0.0,0.0,0.0,44
SI,2,2,7,67,864.0,10.0,2.8,Slovenia,16.13,False,0.0,0.0,0.0,134
SI,2,6,7,67,866.0,10.0,2.8,Slovenia,16.13,False,0.0,0.0,0.0,38
SI,1,31,30,77,916.9,10.0,2.8,Slovenia,16.13,False,0.0,0.0,0.0,120
SI,1,33,30,77,917.9,10.0,2.8,Slovenia,16.13,False,0.0,0.0,0.0,124
SI,1,35,30,77,918.9,10.0,2.8,Slovenia,16.13,False,0.0,0.0,0.0,128
SK,1,1,6,66,863.5,10.0,2.8,Slovakia,16.13,False,0.0,0.0,0.0,132
SK,1,3,6,66,864.5,10.0,2.8,Slovakia,16.13,False,0.0,0.0,0.0,136
SK,1,5,6,66,865.5,10.0,2.8,Slovakia,16.13,False,0.0,0.0,0.0,36
SK,1,7,6,66,866.5,10.0,2.8,Slovakia,16.13,False,0.0,0.0,0.0,40
SK,1,9,6,66,867.5,10.0,2.8,Slovakia,16.13,False,0.0,0.0,0.0,44
SK,2,2,7,67,864.0,10.0,2.8,Slovakia,16.13,False,0.0,0.0,0.0,134
SK,2,6,7,67,866.0,10.0,2.8,Slovakia,16.13,False,0.0,0.0,0.0,38
SK,1,31,30,77,916.9,10.0,2.8,Slovakia,16.13,False,0.0,0.0,0.0,120
SK,1,33,30,77,917.9,10.0,2.8,Slovakia,16.13,False,0.0,0.0,0.0,124
SK,1,35,30,77,918.9,10.0,2.8,Slovakia,16.13,False,0.0,0.0,0.0,128
TR,1,1,6,66,863.5,10.0,2.8,Turkey,16.13,False,0.0,0.0,0.0,132
TR,1,3,6,66,864.5,10.0,2.8,Turkey,16.13,False,0.0,0.0,0.0,136
TR,1,5,6,66,865.5,10.0,2.8,Turkey,16.13,False,0.0,0.0,0.0,36
TR,1,7,6,66,866.5,10.0,2.8,Turkey,16.13,False,0.0,0.0,0.0,40
TR,1,9,6,66,867.5,10.0,2.8,Turkey,16.13,False,0.0,0.0,0.0,44
TR,2,2,7,67,864.0,10.0,2.8,Turkey,16.13,False,0.0,0.0,0.0,134
TR,2,6,7,67,866.0,10.0,2.8,Turkey,16.13,False,0.0,0.0,0.0,38
TR,1,33,30,77,917.9,10.0,2.8,Turkey,16.13,False,0.0,0.0,0.0,124
TR,1,35,30,77,918.9,10.0,2.8,Turkey,16.13,False,0.0,0.0,0.0,128
UG,1,1,6,66,863.5,10.0,2.8,Uganda,16.13,False,0.0,0.0,0.0,132
UG,1,3,6,66,864.5,10.0,2.8,Uganda,16.13,False,0.0,0.0,0.0,136
UG,1,5,6,66,865.5,10.0,2.8,Uganda,16.13,False,0.0,0.0,0.0,36
UG,1,7,6,66,866.5,10.0,2.8,Uganda,16.13,False,0.0,0.0,0.0,40
UG,1,9,6,66,867.5,10.0,2.8,Uganda,16.13,False,0.0,0.0,0.0,44
UG,1,31,30,77,916.9,10.0,2.8,Uganda,16.13,False,0.0,0.0,0.0,120
UG,1,33,30,77,917.9,10.0,2.8,Uganda,16.13,False,0.0,0.0,0.0,124
UG,1,35,30,77,918.9,10.0,2.8,Uganda,16.13,False,0.0,0.0,0.0,128
US,1,1,1,68,902.5,100.0,100.0,USA,36.0,False,0.0,0.0,0.0,132
US,1,3,1,68,903.5,100.0,100.0,USA,36.0,False,0.0,0.0,0.0,136
US,1,5,1,68,904.5,100.0,100.0,USA,36.0,False,0.0,0.0,0.0,36
US,1,7,1,68,905.5,100.0,100.0,USA,36.0,False,0.0,0.0,0.0,40
US,1,9,1,68,906.5,100.0,100.0,USA,36.0,False,0.0,0.0,0.0,44
US,1,11,1,68,907.5,100.0,100.0,USA,36.0,False,0.0,0.0,0.0,48
US,1,13,1,68,908.5,100.0,100.0,USA,36.0,False,0.0,0.0,0.0,52
US,1,15,1,68,909.5,100.0,100.0,USA,36.0,False,0.0,0.0,0.0,56
US,1,17,1,68,910.5,100.0,100.0,USA,36.0,False,0.0,0.0,0.0,60
US,1,19,1,68,911.5,100.0,100.0,USA,36.0,False,0.0,0.0,0.0,64
US,1,21,1,68,912.5,100.0,100.0,USA,36.0,False,0.0,0.0,0.0,100
US,1,23,1,68,913.5,100.0,100.0,USA,36.0,False,0.0,0.0,0.0,104
US,1,25,1,68,914.5,100.0,100.0,USA,36.0,False,0.0,0.0,0.0,108
US,1,27,1,68,915.5,100.0,100.0,USA,36.0,False,0.0,0.0,0.0,112
US,1,29,1,68,916.5,100.0,100.0,USA,36.0,False,0.0,0.0,0.0,116
US,1,31,1,68,917.5,100.0,100.0,USA,36.0,False,0.0,0.0,0.0,120
US,1,33,1,68,918.5,100.0,100.0,USA,36.0,False,0.0,0.0,0.0,124
US,1,35,1,68,919.5,100.0,100.0,USA,36.0,False,0.0,0.0,0.0,128
US,1,37,1,68,920.5,100.0,100.0,USA,36.0,False,0.0,0.0,0.0,149
US,1,39,1,68,921.5,100.0,100.0,USA,36.0,False,0.0,0.0,0.0,153
US,1,41,1,68,922.5,100.0,100.0,USA,36.0,False,0.0,0.0,0.0,157
US,1,43,1,68,923.5,100.0,100.0,USA,36.0,False,0.0,0.0,0.0,161
US,1,45,1,68,924.5,100.0,100.0,USA,36.0,False,0.0,0.0,0.0,165
US,1,47,1,68,925.5,100.0,100.0,USA,36.0,False,0.0,0.0,0.0,169
US,1,49,1,68,926.5,100.0,100.0,USA,36.0,False,0.0,0.0,0.0,173
US,1,51,1,68,927.5,100.0,100.0,USA,36.0,False,0.0,0.0,0.0,177
US,2,2,2,69,903.0,100.0,100.0,USA,36.0,False,0.0,0.0,0.0,134
US,2,6,2,69,905.0,100.0,100.0,USA,36.0,False,0.0,0.0,0.0,38
US,2,10,2,69,907.0,100.0,100.0,USA,36.0,False,0.0,0.0,0.0,46
US,2,14,2,69,909.0,100.0,100.0,USA,36.0,False,0.0,0.0,0.0,54
US,2,18,2,69,911.0,100.0,100.0,USA,36.0,False,0.0,0.0,0.0,62
US,2,22,2,69,913.0,100.0,100.0,USA,36.0,False,0.0,0.0,0.0,102
US,2,26,2,69,915.0,100.0,100.0,USA,36.0,False,0.0,0.0,0.0,110
US,2,30,2,69,917.0,100.0,100.0,USA,36.0,False,0.0,0.0,0.0,118
US,2,34,2,69,919.0,100.0,100.0,USA,36.0,False,0.0,0.0,0.0,126
US,2,38,2,69,921.0,100.0,100.0,USA,36.0,False,0.0,0.0,0.0,151
US,2,42,2,69,923.0,100.0,100.0,USA,36.0,False,0.0,0.0,0.0,159
US,2,46,2,69,925.0,100.0,100.0,USA,36.0,False,0.0,0.0,0.0,167
US,2,50,2,69,927.0,100.0,100.0,USA,36.0,False,0.0,0.0,0.0,175
US,4,8,3,70,906.0,100.0,100.0,USA,36.0,False,0.0,0.0,0.0,42
US,4,16,3,70,910.0,100.0,100.0,USA,36.0,False,0.0,0.0,0.0,58
US,4,24,3,70,914.0,100.0,100.0,USA,36.0,False,0.0,0.0,0.0,106
US,4,32,3,70,918.0,100.0,100.0,USA,36.0,False,0.0,0.0,0.0,122
US,4,40,3,70,922.0,100.0,100.0,USA,36.0,False,0.0,0.0,0.0,155
US,4,48,3,70,926.0,100.0,100.0,USA,36.0,False,0.0,0.0,0.0,171
US,8,12,4,71,908.0,100.0,100.0,USA,36.0,False,0.0,0.0,0.0,50
US,8,28,4,71,916.0,100.0,100.0,USA,36.0,False,0.0,0.0,0.0,114
US,8,44,4,71,924.0,100.0,100.0,USA,36.0,False,0.0,0.0,0.0,163
XA,1,29,22,68,916.5,100.0,100.0,User Assigned 1,30.0,False,0.0,0.0,0.0,116
XA,1,31,22,68,917.5,100.0,100.0,User Assigned 1,30.0,False,0.0,0.0,0.0,120
XA,1,33,22,68,918.5,100.0,100.0,User Assigned 1,30.0,False,0.0,0.0,0.0,124
XA,1,35,22,68,919.5,100.0,100.0,User Assigned 1,30.0,False,0.0,0.0,0.0,128
XA,1,37,22,68,920.5,100.0,100.0,User Assigned 1,30.0,False,0.0,0.0,0.0,149
XA,1,39,22,68,921.5,100.0,100.0,User Assigned 1,30.0,False,0.0,0.0,0.0,153
XA,1,41,22,68,922.5,100.0,100.0,User Assigned 1,30.0,False,0.0,0.0,0.0,157
XA,1,43,22,68,923.5,100.0,100.0,User Assigned 1,30.0,False,0.0,0.0,0.0,161
XA,2,30,23,69,917.0,100.0,100.0,User Assigned 1,30.0,False,0.0,0.0,0.0,118
XA,2,34,23,69,919.0,100.0,100.0,User Assigned 1,30.0,False,0.0,0.0,0.0,126
XA,2,38,23,69,921.0,100.0,100.0,User Assigned 1,30.0,False,0.0,0.0,0.0,151
XA,2,42,23,69,923.0,100.0,100.0,User Assigned 1,30.0,False,0.0,0.0,0.0,159
XA,4,32,24,70,918.0,100.0,100.0,User Assigned 1,30.0,False,0.0,0.0,0.0,122
XA,4,40,24,70,922.0,100.0,100.0,User Assigned 1,30.0,False,0.0,0.0,0.0,155
XA,8,36,25,71,920.0,100.0,100.0,User Assigned 1,30.0,False,0.0,0.0,0.0,
XB,1,5,6,66,865.5,100.0,100.0,User Assigned 2,16.13,False,0.0,0.0,0.0,36
XB,1,7,6,66,866.5,100.0,100.0,User Assigned 2,16.13,False,0.0,0.0,0.0,40
XB,1,9,6,66,867.5,100.0,100.0,User Assigned 2,16.13,False,0.0,0.0,0.0,44
XB,2,6,7,67,866.0,100.0,100.0,User Assigned 2,16.13,False,0.0,0.0,0.0,38
